{
    "LGBM": {
        "rmse": 156.26978851293424,
        "r2": 0.9432220137621982
    }
}