{
    "PyNN": {
        "rmse": 198.17801932542872,
        "r2": 0.9086852669715881
    }
}