{
    "Tabnet": {
        "rmse": 454.96139946153676,
        "r2": 0.5187408328056335
    }
}