{
    "XGBoost": {
        "rmse": 143.1372333745661,
        "r2": 0.9523640275001526
    }
}